donated_at,full_name,amount,email,transaction_id,address,address_2,city,state,zip_code,country,home_phone,description,payment_method
2016-06-27 16:06:05 UTC,Ian Mowbray,22,Ian_Mowbray@nfg.com,0C30442241724552M,,,,,,,,,Paypal
2016-06-27 16:00:27 UTC,Ian Mowbray,22,Ian_Mowbray@nfg.com,26V995206C0755811,,,,,,,,,Paypal
2016-06-07 18:04:22 UTC,Ian Mowbray,22,Ian_Mowbray@nfg.com,2AX50260WB072711D,,,,,,,,,Paypal
2016-05-29 18:18:19 UTC,Jessica Fogerty,22,Jfogerty@nfg.com,3AN96232AH190543R,,,,,,,,,Paypal
2016-06-25 00:23:54 UTC,Richard Danforth,22,RichardDanforth@networkforgood.com,3NY93836C1569024C,,,,,,,,,Paypal
2016-06-04 18:00:14 UTC,Wes Wei,22,wwei@nfg.com,5MT81676500819809,,,,,,,,,Paypal
2016-05-27 13:21:59 UTC,info2@NFG.org,22,info2@NFG.org,70S7423316828942V,,,,,,,,,Paypal
2016-05-28 13:54:45 UTC,info2@NFG.org,22,info2@NFG.org,76W00084W1828653L,,,,,,,,,Paypal
2016-04-29 18:39:23 UTC,Jessica Fogerty,100,Jfogerty@nfg.com,39811361JA300135T,3340 abbeyville rd.,,Crystal city,VA,44280,United States,,,Paypal
2016-05-07 18:30:09 UTC,Ian Mowbray,35,Ian_Mowbray@nfg.com,09B930045X391394D,3555 Bristol Breeze Lane,,Rockville,MD,77573,United States,,,Paypal
2016-08-29 18:24:09 UTC,Jessica Fogerty,100,Jfogerty@nfg.com,0N467041EK988542B,,,,,,,,,Paypal
2016-08-03 16:50:26 UTC,Ian Mowbray,100,Ian_Mowbray@nfg.com,2SG89959YH846414F,,,,,,,,,Paypal
2016-07-07 21:45:00 UTC,Ian Mowbray,100,Ian_Mowbray@nfg.com,2SG89959YH846414F,,,,,,,,,Paypal
2016-07-29 21:51:17 UTC,Jessica Fogerty,100,Jfogerty@nfg.com,3CX47368YN9182644,,,,,,,,,Paypal
2016-08-03 17:46:56 UTC,Mohamed Cheikh,100,MC@nfg.org,3CX47368YN9182644,,,,,,,,,Paypal
2016-08-07 21:39:07 UTC,Mohamed Cheikh,100,MC@nfg.org,3DB88307RM759825V,,,,,,,,,Paypal
2016-07-04 21:43:20 UTC,Richard Danforth,100,RichardDanforth@networkforgood.com,3P470739M73087648,,,,,,,,,Paypal
2016-08-09 16:55:38 UTC,info2@NFG.org,100,info2@NFG.org,7JF85841G6467124U,,,,,,,,,Paypal
2016-08-10 17:28:37 UTC,info2@NFG.org,100,info2@NFG.org,7JF85841G6467124U,,,,,,,,,Paypal
2016-08-04 21:42:59 UTC,Richard Danforth,50,RichardDanforth@networkforgood.com,4BU02485GX447384M,53030 Vista Pointe Drive,,Crystal city,VA,44024,United States,,Here's for my barrel of booze contribution Paula!  Thanks for all you do for the !!!!,Paypal
2016-06-29 20:28:08 UTC,Jessica Fogerty,50,Jfogerty@nfg.com,39811361JA300135T,6815 Stoney Ridge Road,,Fairfax,VA,44039,United States,,,Paypal
2016-06-27 16:00:27 UTC,info2@NFG.org,5000.0,info2@NFG.org,67U431961L079644H,105 Lakeside Avenue,,Cleveland,MD,44114,United States,,on behalf of Jones Day and in lieu of attending 75th Anniversary Gala 2016,Paypal
2016-06-27 16:06:05 UTC,info2@NFG.org,5000.0,info2@NFG.org,6LU996836M258504A,105 Lakeside Avenue,,Cleveland,MD,44114,United States,,on behalf of Jones Day and in lieu of attending 75th Anniversary Gala 2016,Paypal
2016-10-04 18:43:21 UTC,Richard Danforth,4889.7,RichardDanforth@networkforgood.com,1CA17082B6533081X,,,,,,,,,Paypal
2016-05-04 18:24:55 UTC,Wes Wei,100,wwei@nfg.com,1YJ63150F4282704L,6040 Paisley Drive,,Fairfax,VA,44070,United States,,,Paypal
2016-01-04 17:40:35 UTC,Wes Wei,50,wwei@nfg.com,1GA15607C5886293J,584 Forsyth Blvd,,Fairfax,VA,44067-2140,United States,,,Paypal
2016-09-04 18:26:54 UTC,Richard Danforth,100,RichardDanforth@networkforgood.com,4D330751BK753742N,8533 N Palmyra Rd,,Canfield,DC,44406,United States,,,Paypal
2016-04-07 18:49:37 UTC,Ian Mowbray,50,Ian_Mowbray@nfg.com,00M71981CD5960800,,,,,,,,,Paypal
2016-01-07 22:43:33 UTC,Richard Danforth,50,RichardDanforth@networkforgood.com,0V226797C1907692U,,,,,,,,,Paypal
2016-01-25 13:27:25 UTC,Richard Danforth,50,RichardDanforth@networkforgood.com,1C750072RU1182617,,,,,,,,,Paypal
2016-03-07 20:59:21 UTC,Ian Mowbray,50,Ian_Mowbray@nfg.com,1YJ63150F4282704L,,,,,,,,,Paypal
2016-03-29 21:25:27 UTC,Jessica Fogerty,50,Jfogerty@nfg.com,2U264050CW3728101,,,,,,,,,Paypal
2016-02-15 21:45:37 UTC,Wes Wei,50,wwei@nfg.com,4ME94048NG348122N,,,,,,,,,Paypal
2016-03-03 20:59:25 UTC,Wes Wei,50,wwei@nfg.com,59S11792YS1286543,,,,,,,,,Paypal
2016-03-04 18:27:42 UTC,Wes Wei,50,wwei@nfg.com,5D3292437P037362A,,,,,,,,,Paypal
2016-04-04 18:51:42 UTC,Wes Wei,50,wwei@nfg.com,5GE14170LF104981L,,,,,,,,,Paypal
2016-03-31 20:52:43 UTC,dadishin@yahoo.com,50,dadishin@yahoo.com,5MT81676500819809,,,,,,,,,Paypal
2016-04-01 21:27:07 UTC,dadishin@yahoo.com,50,dadishin@yahoo.com,66B192700X893141H,,,,,,,,,Paypal
2016-02-04 18:44:45 UTC,Wes Wei,50,wwei@nfg.com,57098945CD476653F,,,,,,,,,Paypal
